{"e_m": {"margin": -148.85151121285645, "bitrate_eff": 9820275.0, "time_elapsed": 416.269537495341, "distance": 62425156.10296646}, "m_e": {"margin": -148.85151121285645, "bitrate_eff": 9820275.0, "time_elapsed": 416.269537495341, "distance": 62425156.10296646}}