{"e_m": {"margin": -148.85603191071039, "bitrate_eff": 9820275.0, "time_elapsed": 0.5179978495843609, "distance": 62425156.10296646}, "m_e": {"margin": -148.85603191071039, "bitrate_eff": 9820275.0, "time_elapsed": 0.5179978495843609, "distance": 62425156.10296646}}